{"results":[{"id":1,"chal":1,"type":"static","flag":"5e682eb76ef67bd4874cf3757b5eb59fc93752dd","data":null},{"id":2,"chal":2,"type":"static","flag":"27c7cc44a3a63862bdfbb3ab2ab966c3ea991984","data":null},{"id":3,"chal":3,"type":"static","flag":"dc87a0701e29a47b4b9c0162a2c363364eea9772","data":null},{"id":4,"chal":4,"type":"static","flag":"994da82f5fb4878efabca676fd12e98bd43f5020","data":null},{"id":5,"chal":5,"type":"static","flag":"78dea51376382f8b8a5db11101732a573b5851b9","data":null},{"id":6,"chal":6,"type":"static","flag":"7eb389d280d28ba4e490292a9cbfa9928ee8c0cb","data":null},{"id":7,"chal":7,"type":"static","flag":"44b42f9a4840b299935dfe5634989a96e4352920","data":null},{"id":8,"chal":8,"type":"static","flag":"48345fbcb5ee3316cadd9e7550ca7aa787dfdcc0","data":null},{"id":9,"chal":9,"type":"static","flag":"926943639abc35c4d11d3471c13a312bba0fc907","data":null},{"id":10,"chal":10,"type":"static","flag":"b83d0406176d01442b0039f368c8413a8f2fb09d","data":null},{"id":11,"chal":11,"type":"static","flag":"2bc9d8a76c27be74ce61c1c47d6475deeabdff39","data":null},{"id":12,"chal":12,"type":"static","flag":"e06025d8213e7dd57325c8c6a3daeaea8ac1fe88","data":null},{"id":13,"chal":13,"type":"static","flag":"2c268d72f36e63bd5afd9183a1f90d66b3d527d4","data":null},{"id":14,"chal":14,"type":"static","flag":"341e4d277e4b737a1ca5c7da820663025d6dd360","data":null},{"id":15,"chal":15,"type":"static","flag":"5d24ad8b29fe6e74dd3a11a45037d3e262206568","data":null},{"id":16,"chal":16,"type":"static","flag":"2c115f8e756e409fb5bb537052bd4ee91d1f2062","data":null},{"id":17,"chal":17,"type":"static","flag":"374c564f3d446efa4038b29c9359182254c62d04","data":null},{"id":18,"chal":18,"type":"static","flag":"08ef0c36bdfda7b5e9e2598f004d04fe412f505f","data":null},{"id":19,"chal":19,"type":"static","flag":"6bedddeb277ae7dabec80d3e9082e8ed1b387a84","data":null},{"id":20,"chal":20,"type":"static","flag":"77f2c3e82650e14a7fb53f3b7d7a4c8c50d8e712","data":null},{"id":21,"chal":21,"type":"static","flag":"484dca7a4d059dbea4c87905249e4b90473622ed","data":null},{"id":22,"chal":22,"type":"static","flag":"4730cfb1e9203cfababadacaa1045157d1554e5f","data":null},{"id":23,"chal":23,"type":"static","flag":"26fb5cc82b09b78a053746920b42d03351052deb","data":null},{"id":24,"chal":24,"type":"static","flag":"a9db082926b2d19ba6751e87ee9ce35329f79c99","data":null},{"id":25,"chal":25,"type":"static","flag":"b290f2f0628956aa0b1f376648600ce1154863ec","data":null},{"id":26,"chal":26,"type":"static","flag":"505933fca25d7a58191a21dd08ec3c603bd69889","data":null},{"id":27,"chal":27,"type":"static","flag":"ad02876e26231025bd07a6c3ecbe4d5dd23c4582","data":null},{"id":28,"chal":28,"type":"static","flag":"ad230635591e7e11cd124110645a6c69b60cf9b6","data":null},{"id":29,"chal":29,"type":"static","flag":"1cd8b8bb509ab6aa01639081b515f1a77e5f81ca","data":null},{"id":30,"chal":30,"type":"static","flag":"8202036fda53ceacee9c52f8ef44cb8d7d3e8060","data":null},{"id":31,"chal":31,"type":"static","flag":"3e94e0e70ae2f4d75ee8fe8f66ec75ff9e1e4efd","data":null},{"id":32,"chal":32,"type":"static","flag":"38e80fbf596a689efed727b493adaf3c72fcbded","data":null},{"id":33,"chal":33,"type":"static","flag":"9953d22b662151200d73fa8392ddede3693ced3e","data":null},{"id":34,"chal":34,"type":"static","flag":"3377ba9f48a66c3a92243f981a2e7ff5c27b4c8f","data":null},{"id":35,"chal":35,"type":"static","flag":"d0a5f625a141cdb0c670162ddbae7a17555a2f97","data":null},{"id":36,"chal":36,"type":"static","flag":"4d101d219dbbc106da09ebc235cc28033f67bec8","data":null},{"id":37,"chal":37,"type":"static","flag":"58e1c354b8a37de8b83bcb6fe91bb8da7dba2c0d","data":null},{"id":38,"chal":38,"type":"static","flag":"fd868f535e1565244f8bbca3d4d6b74472f063d8","data":null},{"id":39,"chal":39,"type":"static","flag":"f368fe5e6717aa874568fbe38cd99eecdd09ccf2","data":null},{"id":40,"chal":40,"type":"static","flag":"210d8373c05279a2cc101497d53c4cb5866d2a59","data":null},{"id":41,"chal":41,"type":"static","flag":"2e165424eeaae85102ff446dc86a35577445dedb","data":null},{"id":42,"chal":42,"type":"static","flag":"34b7cc4f564f647c9bffb203e5b44582c84b144b","data":null},{"id":43,"chal":43,"type":"static","flag":"d8fea85c69205e6de5802b06dff27c630b8891ad","data":null},{"id":44,"chal":44,"type":"static","flag":"485b0ee29f3044efd756ed89c4d01a08f3198229","data":null},{"id":45,"chal":45,"type":"static","flag":"4b6c2a65068ef3290e7ee92d3206ac683d6e1fee","data":null},{"id":46,"chal":46,"type":"static","flag":"5c9abdbb90c1de037b699342d21388a38e94e34e","data":null},{"id":47,"chal":47,"type":"static","flag":"e9ceb6df1ab7a63a6982220130d3d40ad8d1053c","data":null},{"id":48,"chal":48,"type":"static","flag":"2ab9e1a5be6b0b6c339dffa9b1a290bfcdd6092f","data":null},{"id":49,"chal":49,"type":"static","flag":"751ed5f335bc1d47af14e7c60ae34bf4d4bf3bc2","data":null},{"id":50,"chal":50,"type":"static","flag":"f1fd21cf5344d609f007df213b6300b4d3a5089b","data":null},{"id":51,"chal":51,"type":"static","flag":"534537d4854e66849f852d59ad0e478138d658be","data":null},{"id":52,"chal":52,"type":"static","flag":"98a51d3a5ed7004ab4af9e6dbe1f9e6c1daf8fb2","data":null},{"id":53,"chal":53,"type":"static","flag":"356e77686bd3080f22ddc27a3e5c54e3261fec5c","data":null},{"id":54,"chal":54,"type":"static","flag":"a1fe4309cba542356ad7c9e0cb4a3231a3bd357c","data":null},{"id":55,"chal":55,"type":"static","flag":"0c865b7277eee3425b95113d43ca77ba1f6b7161","data":null},{"id":56,"chal":56,"type":"static","flag":"b9c9e6d5696a3cad4c2f480d6809b9dffe00739a","data":null},{"id":57,"chal":57,"type":"static","flag":"8af084ae4d5a962310f527ab87573c3a31e8a779","data":null},{"id":58,"chal":58,"type":"static","flag":"98d27867ef14dd18ac0e2e134d740eaf382a8f70","data":null},{"id":59,"chal":59,"type":"static","flag":"0c31423a3a80d5700ebec77858346f44aa63d763","data":null},{"id":60,"chal":60,"type":"static","flag":"9689c17b87612bbc136d4c9293985149d383222f","data":null},{"id":61,"chal":61,"type":"static","flag":"878911be5802ace098a4f8832476f952afdcb31e","data":null},{"id":62,"chal":62,"type":"static","flag":"46a6230d179c0b9298a489ea3e9ad75a2c70e5ef","data":null},{"id":63,"chal":63,"type":"static","flag":"3d9580c680ab03331e079f4bd258a4d1c979c90a","data":null}]}